,map_50,map_75,acc,f1,dice,aji,aji_plus,dq,sq,pq
0,0.3333333432674408,0.3333333432674408,0.022222222222222223,0.6870229007633588,0.4928711008106989,0.3957349620201191,0.4661395891387467,0.6165413533834586,0.7641494873733781,0.47112975913245864
1,0.3340667486190796,0.3333333432674408,0.043478260869565216,0.7022900763358778,0.44695101372696777,0.4182819195731759,0.47742222831300535,0.6417910447761194,0.7573190825277474,0.48604060520437514
2,0.3333333432674408,0.25082507729530334,0.1,0.6666666666666666,0.48076186095499424,0.35838349636318034,0.40815445591178434,0.5967741935483871,0.761522582187527,0.45445702485384676
3,0.3003300428390503,0.22194719314575195,0.19047619047619047,0.6885245901639344,0.41650949240171664,0.32739774330042315,0.4237350884409708,0.5826771653543307,0.7441562272486261,0.43360284107400254
4,0.2563256621360779,0.14876486361026764,0.19148936170212766,0.6143790849673203,0.4458734717682196,0.3389077550671707,0.4251065753778582,0.6125,0.7468051424694323,0.4574181497625273
5,0.3333333432674408,0.3333333432674408,0.06451612903225806,0.6888888888888889,0.5707967397304986,0.4359454399572078,0.5192142904225167,0.6595744680851063,0.7482711023029865,0.49354051428494855
6,0.43249326944351196,0.38748878240585327,0.26666666666666666,0.631578947368421,0.6974025973742937,0.4012762563148099,0.4693416594698731,0.68,0.7793051481702756,0.5299275007557874
7,0.2581329345703125,0.2581329345703125,0.1935483870967742,0.6326530612244898,0.7060351826410807,0.374672549289949,0.39114334207684,0.6213592233009708,0.7769513736658612,0.4827659020836419
8,0.5,0.5,0.06060606060606061,0.717391304347826,0.6798568303499772,0.48293983244478295,0.5348215824857783,0.6597938144329897,0.7272198280896792,0.47981514430659244
9,0.4103410243988037,0.4103410243988037,0.21052631578947367,0.6846846846846847,0.757411321142548,0.4482288828337875,0.45067803177063154,0.6260869565217392,0.7690263155482545,0.4814773453867333
10,0.41749173402786255,0.08415841311216354,0.10526315789473684,0.7450980392156863,0.6080750676925873,0.42869718309859156,0.4740151417939176,0.7924528301886793,0.6769648634357244,0.5364627219679325
11,0.5,0.5,0.038461538461538464,0.6190476190476191,0.6807135022409101,0.3987889936383843,0.4527544351073763,0.6292134831460674,0.7706286907807268,0.4848899627384348
12,0.3118811845779419,0.2524752616882324,0.17857142857142858,0.8,0.7744484396158189,0.5562977099236641,0.5721974473320006,0.8108108108108109,0.7723538860075864,0.6262328805466917
13,0.44059404730796814,0.3741159737110138,0.2222222222222222,0.6545454545454545,0.6339786161446008,0.38110032362459545,0.42849974912192673,0.5811965811965812,0.7287013297463308,0.42351872156197007
14,0.0,0.0,0.0,0.7435897435897436,0.6652540009666394,0.4783263094521373,0.49720970165271516,0.725,0.6765110912044431,0.4904705411232212
15,0.5,0.5,0.02631578947368421,0.6785714285714286,0.556927600126537,0.3585128907709553,0.40742380636115416,0.5882352941176471,0.7152414698875463,0.42073027640443905
16,0.2772277295589447,0.19141913950443268,0.1875,0.7441860465116279,0.5075706131644692,0.5102827763496144,0.5374910735539158,0.6436781609195402,0.7410692246267944,0.47701007562184466
17,0.2712427079677582,0.18118229508399963,0.4418604651162791,0.819047619047619,0.6279591836574501,0.5476419634263715,0.5936246098974588,0.7962962962962963,0.7854820943985621,0.6254764825766328
18,0.30528053641319275,0.30528053641319275,0.08571428571428572,0.7608695652173914,0.4894940167641965,0.4852681851579721,0.5373907279280772,0.631578947368421,0.7877186164960099,0.4975064946290589
19,0.23245324194431305,0.20874588191509247,0.3673469387755102,0.784,0.6008133462590505,0.5431605135723488,0.6101452239721824,0.7596899224806202,0.8075639783513937,0.6134982161119115
20,0.2951095998287201,0.26422056555747986,0.425531914893617,0.752,0.6211450582429087,0.5448766058893647,0.5924240925724459,0.7086614173228346,0.8180278154305023,0.5797047510924819
21,0.2772277295589447,0.2772277295589447,0.13157894736842105,0.7524752475247525,0.49346323066477904,0.5339850844313923,0.6002054121639725,0.7692307692307693,0.7520482237715485,0.5784986336704219
22,0.2652583718299866,0.22846302390098572,0.7164179104477612,0.8220858895705522,0.6762728145827838,0.5384275032078226,0.5430693069306931,0.703030303030303,0.812561197342712,0.5712551447985127
23,0.2557755410671234,0.2104877382516861,0.4,0.7692307692307693,0.4943409129681255,0.5374401913875598,0.5816910935738444,0.7394957983193278,0.7872253892891794,0.5821498677096453
24,0.010726072825491428,0.0,0.14285714285714285,0.6086956521739131,0.48113207542441705,0.351044776119403,0.3557255064076065,0.5217391304347826,0.7358667907272946,0.3839304995098928
25,0.2390611320734024,0.1728886514902115,0.6101694915254238,0.7151515151515152,0.6493659371649267,0.44186856567845806,0.49304589707927676,0.650887573964497,0.7846889818630831,0.5107443077215333
26,0.27223527431488037,0.24305714666843414,0.8113207547169812,0.8346456692913385,0.805433627463594,0.6477421340103084,0.6964285714285714,0.8,0.8411937692480266,0.6729550153984213
27,0.29636964201927185,0.20055004954338074,0.2777777777777778,0.8,0.5213754880836031,0.5072479387832085,0.555254149712588,0.7608695652173914,0.7343713732084208,0.5587608274411898
28,0.3064592182636261,0.3003300428390503,0.2564102564102564,0.7959183673469388,0.554105532194104,0.526615473018858,0.5514328119648362,0.7524752475247525,0.7699490577400707,0.5793676078044097
29,0.28883931040763855,0.23500941693782806,0.5897435897435898,0.6842105263157895,0.6078321401270881,0.4061302681992337,0.4520897649014486,0.7058823529411765,0.7988273635895583,0.5638781390043941
30,0.19422441720962524,0.16886687278747559,0.5882352941176471,0.7906976744186046,0.8107774577529023,0.5836620644312952,0.60056258790436,0.7111111111111111,0.8152981010673888,0.5797675385368098
31,0.28235411643981934,0.2313164472579956,0.4358974358974359,0.7155963302752294,0.6470978965476167,0.4621565859485286,0.4746402453408823,0.6782608695652174,0.7891252724431235,0.535232793483162
32,0.0,0.0,0.03125,0.5423728813559322,0.4764632827162728,0.3610881335539179,0.4837605862727765,0.4918032786885246,0.7153303734930322,0.3518018230293601
33,0.0,0.0,0.0,0.6783625730994152,0.4378328332827171,0.41067037314230725,0.4986691304252183,0.49710982658959535,0.7251607083118892,0.36048451395851133
34,0.0,0.0,0.02857142857142857,0.6862745098039216,0.4844551579132756,0.41375657979201436,0.4992422602294869,0.5686274509803921,0.7234303923228752,0.41136237994830155
35,0.12978172302246094,0.12809406220912933,0.1724137931034483,0.6823529411764706,0.42144673352911194,0.338600967213739,0.4018252363517132,0.45454545454545453,0.7544582778159327,0.3429355808254239
36,0.019801979884505272,0.004950494971126318,0.08571428571428572,0.6422018348623854,0.4794832268906631,0.44360563112788737,0.507566800662095,0.5714285714285714,0.7088077634945484,0.4050330077111705
37,0.005445544607937336,0.004125412553548813,0.2,0.5590062111801242,0.4284915531684873,0.2633422329400281,0.3760281438905956,0.3902439024390244,0.7344681337933332,0.28662171074861786
38,0.25539252161979675,0.25539252161979675,0.26666666666666666,0.5882352941176471,0.5299916750530169,0.428036916936892,0.5119771760779458,0.40384615384615385,0.7920182356740139,0.31985351825296715
39,0.044035837054252625,0.02772277221083641,0.4482758620689655,0.48333333333333334,0.49947458921237403,0.3228080339899575,0.4230012783951224,0.39344262295081966,0.7929511846840945,0.31198079397406997
40,0.055580560117959976,0.0479297935962677,0.34782608695652173,0.46,0.6174250592833935,0.3895406641479419,0.4523776321294101,0.36893203883495146,0.8157520233143891,0.30095705714511445
41,0.029252924025058746,0.0113570187240839,0.20588235294117646,0.576271186440678,0.4290823200580668,0.29392918300834114,0.41512688972624506,0.4098360655737705,0.7011895761104723,0.28737277709445586
42,0.011551154777407646,0.0016501650679856539,0.3103448275862069,0.4915254237288136,0.4549339797009972,0.2394968051118211,0.31857355126300146,0.35772357723577236,0.7599219221384576,0.2718419884072531
43,0.01575157605111599,0.010801080614328384,0.1875,0.5470085470085471,0.43326595436230825,0.3002336983916052,0.38772979282170994,0.4,0.7527890247237276,0.30111560988949104
44,0.019801979884505272,0.0,0.038461538461538464,0.6046511627906976,0.5026125433383657,0.4202494815365091,0.4894779441521651,0.4318181818181818,0.7787798481928623,0.33629129808328145
45,0.004350434988737106,0.0010501050855964422,0.10256410256410256,0.6842105263157895,0.5433301734850791,0.42428587184294697,0.49022770398481974,0.48695652173913045,0.7433395689098947,0.361974050947427
46,0.05655160918831825,0.0,0.11428571428571428,0.6363636363636364,0.5281797210793727,0.46257430860687515,0.5785918513223731,0.5309734513274337,0.7538847623390235,0.4002927941623134
47,0.025514090433716774,0.0,0.08,0.5050505050505051,0.4680111517264198,0.2816817709107116,0.3407302953837019,0.3564356435643564,0.7004506157129138,0.24966556599668213
48,0.40594059228897095,0.40594059228897095,0.25,0.6153846153846154,0.844605840392706,0.4460909555442003,0.46158256880733944,0.8,0.8315498194429035,0.6652398555543229
49,0.30363041162490845,0.19546203315258026,0.2926829268292683,0.7130434782608696,0.5748634950031865,0.4302219398896256,0.5265203825891259,0.6386554621848739,0.7840834384843606,0.5007591707967345
50,0.11046675592660904,0.0449787862598896,0.24444444444444444,0.7258064516129032,0.7024850491839011,0.505359118129458,0.5514401536163858,0.6615384615384615,0.7577332753902077,0.5012697052581374
51,0.0,0.0,0.0,0.3,0.6345921246291369,0.434966838614591,0.5448687350835322,0.5,0.8201310642068119,0.41006553210340596
52,0.11441143602132797,0.002200220013037324,0.08,0.6944444444444444,0.7124345015621588,0.455759051946227,0.4807806912991657,0.6486486486486487,0.7793197122224548,0.5055046781983491
53,0.0,0.0,0.0,0.6666666666666666,0.861349692194663,0.5510204081632653,0.5510204081632653,0.6666666666666666,0.7558589970705014,0.5039059980470009
54,0.2801155149936676,0.17698019742965698,0.1935483870967742,0.7469879518072289,0.701880399772933,0.5531878910874345,0.5807943244441629,0.7674418604651163,0.761822181768299,0.5846542325198574
55,0.1592409312725067,0.07013200968503952,0.20833333333333334,0.7272727272727273,0.7362280030252377,0.5219117753230814,0.5650717703349283,0.6666666666666666,0.7274303086483523,0.48495353909890154
56,0.0,0.0,0.0,0.6530612244897959,0.423224548639889,0.48303794384554477,0.5090861889927311,0.6122448979591837,0.7509140474119534,0.4597432943338491
57,0.3333333432674408,0.3333333432674408,0.10526315789473684,0.7037037037037037,0.7727624451563596,0.5965004902330493,0.6319616592298793,0.7368421052631579,0.7930837611402259,0.5843775082085875
58,0.33993402123451233,0.06930692493915558,0.5,0.6666666666666666,0.5704387989444714,0.4951807228915663,0.511986301369863,0.46153846153846156,0.7309407548520497,0.3373572714701768
59,0.13342761993408203,0.08830739557743073,0.2,0.7692307692307693,0.5516804058213679,0.472083481983589,0.499015606242497,0.6526315789473685,0.7367432548810383,0.4808219137118355
60,0.1670982390642166,0.10270916670560837,0.42592592592592593,0.7552447552447552,0.6703715760435667,0.5084589583870849,0.554858802238963,0.6986301369863014,0.7878937813436153,0.5504463403907449
61,0.11881188303232193,0.0,0.1111111111111111,0.9,0.5336155923400528,0.53667441088616,0.53667441088616,0.7619047619047619,0.7112144622291199,0.5418776855079008
62,0.0,0.0,0.0,0.8,0.6797077537874834,0.651501364877161,0.651501364877161,0.6666666666666666,0.7403077750327585,0.4935385166885056
63,0.2013201266527176,0.2013201266527176,0.16666666666666666,0.9473684210526315,0.85875175968684,0.7086156824782188,0.7086156824782188,0.8717948717948718,0.7790204003626758,0.6791459900597687
64,0.0,0.0,0.0,0.3333333333333333,0.8324873054188462,0.13689482470784642,0.13689482470784642,0.2857142857142857,0.7130427652181044,0.2037265043480298
65,0.14892739057540894,0.11230552196502686,0.3333333333333333,0.5625,0.6438582294661318,0.3560414269275029,0.357881760197245,0.45925925925925926,0.7892675688858971,0.3624784390438935
66,0.20830906927585602,0.1440437138080597,0.5849056603773585,0.6347305389221557,0.7257109498589022,0.42925608767663953,0.45736,0.5882352941176471,0.808478758572337,0.47557574033666883
67,0.0,0.0,0.0,0.6,0.6011200991903421,0.3403805496828753,0.4249757986447241,0.36363636363636365,0.7246090674769713,0.2634942063552623
68,0.14651817083358765,0.10758771002292633,0.4918032786885246,0.6321243523316062,0.7881556250946095,0.4548075483001348,0.4595610525039408,0.5743589743589743,0.7642229554718317,0.43893831288638535
69,0.2999171316623688,0.19603537023067474,0.7777777777777778,0.6835443037974683,0.7448412782067535,0.4783962965079728,0.5085519527219287,0.6666666666666666,0.7829156390614223,0.5219437593742815
70,0.08415841311216354,0.08415841311216354,0.07692307692307693,0.5652173913043478,0.708999877798388,0.3768810980651563,0.39385474860335196,0.5,0.7381366263770289,0.36906831318851446
71,0.2565314471721649,0.16762350499629974,0.5892857142857143,0.5517241379310345,0.6353074067926602,0.35484761145520327,0.3873361458490282,0.43137254901960786,0.7690270064324737,0.33173714002969457
72,0.3045315146446228,0.24791543185710907,0.7954545454545454,0.6353790613718412,0.6675253582234472,0.41445107614396814,0.4724086185905603,0.5519713261648745,0.8132098622622317,0.44886852612323896
73,0.09405940771102905,0.03465346619486809,0.18181818181818182,0.5789473684210527,0.8782503035532805,0.39612032611751474,0.39612032611751474,0.6666666666666666,0.7753145846454482,0.5168763897636321
74,0.1870645433664322,0.1555759757757187,0.3888888888888889,0.576,0.7767906109181825,0.41893723419170914,0.4414143015696845,0.5538461538461539,0.8040722571220345,0.4453323270214345
75,0.3019886612892151,0.25513797998428345,0.5576923076923077,0.5777777777777777,0.770295254614536,0.3787605294825511,0.3976857490864799,0.5925925925925926,0.8094542097737703,0.4796765687548268
76,0.23314470052719116,0.19110482931137085,0.4444444444444444,0.5806451612903226,0.6506665432176757,0.3645821773388081,0.4071560980728201,0.5031446540880503,0.8025393944689456,0.403793406022111
77,0.33433660864830017,0.27900367975234985,0.6376811594202898,0.6540284360189573,0.7423718558055499,0.4643790751479823,0.48696985181400104,0.5833333333333334,0.811189229901569,0.473193717442582
78,0.23561246693134308,0.11664005368947983,0.6122448979591837,0.4803921568627451,0.6338537951273717,0.32125318921291596,0.35912896668159733,0.4368932038834951,0.7829209760894507,0.3420528536313134
79,0.26147615909576416,0.26147615909576416,0.4523809523809524,0.5283018867924528,0.7409634573203937,0.364915469914561,0.38712326517204565,0.5153374233128835,0.8216814674578358,0.42344321022367
80,0.043729376047849655,0.024752475321292877,0.125,0.7710843373493976,0.7485015583568538,0.588130532711749,0.6371403661726243,0.8181818181818182,0.8099067943859035,0.6626510135884666
81,0.021452145650982857,0.0,0.06666666666666667,0.6382978723404256,0.6172998695123602,0.5830244870946393,0.6001335113484646,0.8910891089108911,0.762732387091395,0.679662523150748
82,0.029702970758080482,0.004950494971126318,0.08,0.7246376811594203,0.639415798367808,0.5175819834057684,0.5535882055358821,0.7361111111111112,0.800160116924096,0.589006752735793
83,0.3353135287761688,0.3353135287761688,0.08108108108108109,0.7326732673267327,0.7714676509570466,0.50689048526609,0.5068596983248692,0.8275862068965517,0.8482764970936514,0.7020219286292287
84,0.0,0.0,0.0,0.7213114754098361,0.8260126294935627,0.6812686068412419,0.6812686068412419,0.78125,0.8309091587367861,0.6491477802631141
85,0.1772850900888443,0.010618451982736588,0.075,0.6504065040650406,0.6790972177073886,0.5310982191041554,0.5563992477734805,0.8,0.8005691780100685,0.6404553424080549
86,0.009900989942252636,0.009900989942252636,0.03125,0.6808510638297872,0.7728759564020572,0.480859010270775,0.49416566839700077,0.7128712871287128,0.824315797822164,0.5876310637940179
87,0.3345334529876709,0.0012001200811937451,0.09090909090909091,0.5789473684210527,0.7209228422295372,0.5266046824241066,0.5266046824241066,0.7710843373493976,0.7656718017825892,0.5903975339046471
88,0.01386138703674078,0.01386138703674078,0.0,0.6944444444444444,0.7541354931445489,0.47384705195563337,0.4791951089214697,0.7407407407407407,0.7883945765846131,0.583995982655269
89,0.005500550381839275,0.005500550381839275,0.047619047619047616,0.75,0.6630821407708638,0.5988946125778064,0.6266620618200657,0.6896551724137931,0.7962557347342886,0.5491418860236473
90,0.3362211287021637,0.3362211287021637,0.1,0.7142857142857143,0.7759038389500603,0.4895090786819099,0.4889047959914102,0.7868852459016393,0.783678258701703,0.6166648593062581
91,0.006092917174100876,0.0,0.05555555555555555,0.6666666666666666,0.6151589241719555,0.3680297397769517,0.36639691714836226,0.5818181818181818,0.7369476917803418,0.42876956612674433
92,0.3762376308441162,0.042904287576675415,0.07142857142857142,0.7304347826086957,0.7038390275034401,0.5551896733403583,0.5990597955767656,0.848,0.8136074519207345,0.6899391192287828
93,0.004125412553548813,0.0,0.0,0.6451612903225806,0.5740642655113849,0.4004260582737768,0.43291078689308776,0.5396825396825397,0.730944066545824,0.39447775019933357
94,0.0030940594151616096,0.0030940594151616096,0.0,0.7076923076923077,0.6491896063635403,0.506359037397759,0.5183689947517158,0.7164179104477612,0.7971664605357295,0.571104329936045
95,0.0,0.0,0.0,0.7083333333333334,0.637709857914864,0.47048916227299353,0.47048916227299353,0.68,0.7235737061892471,0.4920301202086881
96,0.06435643881559372,0.06435643881559372,0.043478260869565216,0.8070175438596491,0.7333889596094423,0.508031349421898,0.5292921074043938,0.8125,0.7677669049405073,0.6238106102641622
97,0.2524752616882324,0.2524752616882324,0.0625,0.7441860465116279,0.7326410099403053,0.5857412372157681,0.6039706338537897,0.851063829787234,0.7728471907208654,0.6577422899752046
98,0.0,0.0,0.0,0.6382978723404256,0.502037412117192,0.363797931925894,0.3877704937054012,0.6,0.6507397194409864,0.39044383166459184
99,0.12871287763118744,0.12871287763118744,0.041666666666666664,0.676056338028169,0.5548721470993514,0.4551624722205538,0.45975363357883076,0.64,0.7793142989917852,0.4987611513547425
100,0.0,0.0,0.0,0.7169811320754716,0.6357847067958023,0.44405338026103536,0.4939362439362439,0.5964912280701754,0.6756397826202027,0.4030132036681911
101,0.0,0.0,0.0,0.6829268292682927,0.648102217187219,0.40997488338715465,0.41769077930679227,0.6666666666666666,0.6859916273251127,0.4573277515500751
102,0.0,0.0,0.0,0.7567567567567568,0.7085561496914348,0.5954142011834319,0.6068689563187729,0.65,0.7415390783865913,0.4820004009512843
103,0.0,0.0,0.0,0.8333333333333334,0.7625864171807575,0.6228813559322034,0.6599007668019846,0.8,0.7141972509408265,0.5713578007526613
104,0.0,0.0,0.0,0.6086956521739131,0.7546638506682314,0.40531062124248496,0.40580465762947515,0.5,0.7668637277605075,0.38343186388025374
105,0.0,0.0,0.0,0.8571428571428571,0.6560989044215619,0.5494208928370629,0.5599767981438515,0.7142857142857143,0.6674076721761768,0.4767197658401263
106,0.0,0.0,0.0,0.7567567567567568,0.7004540070716317,0.4709511980126613,0.4917047570678856,0.75,0.697430377128093,0.5230727828460697
107,0.0,0.0,0.0,0.7857142857142857,0.7152052638595905,0.4029694930982485,0.4029694930982485,0.6875,0.6452230705474714,0.4435908610013866
108,0.0,0.0,0.0,0.8108108108108109,0.6712710737132139,0.4602487831260141,0.4602487831260141,0.8421052631578947,0.6479412859765493,0.5456347671381467
109,0.0,0.0,0.0,0.5714285714285714,0.7687033674594266,0.26620887895241135,0.26620887895241135,0.5833333333333334,0.6860586157761076,0.40020085920272946
110,0.0,0.0,0.0,0.47619047619047616,0.5210353822138295,0.46439993267126745,0.46439993267126745,0.5714285714285714,0.6903506876498864,0.39448610722850647
111,0.0,0.0,0.0,0.5833333333333334,0.5650234217842391,0.3221740028931597,0.3221740028931597,0.4444444444444444,0.6535976759394316,0.2904878559730807
112,0.0066006602719426155,0.0,0.09090909090909091,0.4888888888888889,0.4594674034313248,0.2981370777144446,0.36050879289738774,0.4782608695652174,0.7046228206458963,0.3369935229176026
113,0.05858086049556732,0.0387788787484169,0.16666666666666666,0.7058823529411765,0.6226326364708086,0.549475976589084,0.5810557663672606,0.7169811320754716,0.7902594790854609,0.5666011359480663
114,0.17161716520786285,0.1683168262243271,0.043478260869565216,0.6764705882352942,0.6463268463694222,0.5065566357675786,0.5458313747275757,0.6571428571428571,0.7466431346309045,0.4906512027574515
115,0.0,0.0,0.0,0.7435897435897436,0.523246033258237,0.48474478237817514,0.5182212357404635,0.6582278481012658,0.7718956955951627,0.5080832426702336
116,0.011367804370820522,0.004767143167555332,0.09375,0.735632183908046,0.5404974368642429,0.5182804339092005,0.5886579978846512,0.6292134831460674,0.8061819607473628,0.5072605595713744
117,0.0,0.0,0.0,0.6363636363636364,0.7107456507965125,0.43928629097367994,0.4436836699760356,0.6086956521739131,0.7358127074886931,0.4478859958626828
118,0.029702970758080482,0.029702970758080482,0.0,0.6842105263157895,0.6290141706504375,0.49235181644359466,0.5309136815527852,0.65,0.7782662671769344,0.5058730736650073
119,0.04785478115081787,0.03630363196134567,0.18181818181818182,0.676923076923077,0.6111269537267131,0.43916058722867696,0.46954909232871367,0.7605633802816901,0.7514382362752858,0.5715164050544428
120,0.03703703731298447,0.0,0.05263157894736842,0.6440677966101694,0.5870501773824326,0.43065013963059134,0.45145531214645684,0.7301587301587301,0.7285577688449134,0.5319628153470796
121,0.029702970758080482,0.007425742689520121,0.041666666666666664,0.5714285714285714,0.5331406660194071,0.4341178750619092,0.4825743263398628,0.6046511627906976,0.7729515425567,0.46736604898777206
122,0.013201320543885231,0.0033003301359713078,0.06666666666666667,0.7407407407407407,0.5444482316381093,0.4655107661492238,0.5034383848784614,0.6506024096385542,0.7336762394696161,0.47733152929348516
123,0.021039603278040886,0.0,0.0,0.6956521739130435,0.711247234862813,0.443200762086211,0.443200762086211,0.72,0.6861947400678288,0.4940602128488367
124,0.0,0.0,0.0,0.8095238095238095,0.8493433395075662,0.5215856638609829,0.5215856638609829,0.851063829787234,0.7430487427616784,0.6323819087333433
125,0.0,0.0,0.0,0.6111111111111112,0.6899093534525441,0.4318766066838046,0.4318766066838046,0.717948717948718,0.705915015734437,0.5068107805272881
126,0.0,0.0,0.0,0.9230769230769231,0.8145793598612885,0.5287482806052269,0.5287482806052269,0.7407407407407407,0.7382168116513601,0.5468272678898963
127,0.0,0.0,0.0,0.75,0.7216355265743791,0.5160778985507246,0.5160778985507246,0.6666666666666666,0.7274472279239153,0.4849648186159435
128,0.029947437345981598,0.016746120527386665,0.1,0.6666666666666666,0.5128383738655131,0.5124155429483708,0.5368878428532633,0.8181818181818182,0.7747588966446127,0.6338936427092287
129,0.01650165021419525,0.01650165021419525,0.05,0.8,0.5603057178943004,0.6225336979878883,0.6813530108801034,0.7924528301886793,0.7959712490882095,0.6307696690887699
130,0.004400440026074648,0.004400440026074648,0.047619047619047616,0.6461538461538462,0.5347502270565895,0.38096170796200174,0.4438472645596021,0.6176470588235294,0.7363871684676894,0.45482736875945523
131,0.011221121996641159,0.005720573011785746,0.10526315789473684,0.6666666666666666,0.6132828530120957,0.5544518027961737,0.5788155994222436,0.7868852459016393,0.7194183080174876,0.5660996522104821
132,0.0066006602719426155,0.0066006602719426155,0.0,0.6229508196721312,0.5742867620011106,0.499176217765043,0.5200889491934269,0.65625,0.7528387659798296,0.49405044017426314
133,0.012376237660646439,0.007425742689520121,0.125,0.8,0.5322498004059406,0.496911068920833,0.5400866377874042,0.7228915662650602,0.7342834311890715,0.5308072996547505
134,0.045284342020750046,0.03919142112135887,0.1875,0.64,0.7810315127915347,0.5352499542208387,0.5352499542208387,0.7368421052631579,0.7976495662786941,0.5877417856790377
135,0.08168316632509232,0.04579208046197891,0.3,0.5797101449275363,0.5136644525900922,0.42016964621248726,0.43749823759975187,0.5633802816901409,0.7607046554183666,0.42856600305260095
136,0.04158415645360947,0.008250825107097626,0.14285714285714285,0.7368421052631579,0.6294616703055208,0.5929826154055649,0.6101718927087268,0.5614035087719298,0.7741663456991233,0.4346197028486306
137,0.17904290556907654,0.17120462656021118,0.15789473684210525,0.6785714285714286,0.6960753442104579,0.4657402970771442,0.47391233678279243,0.711864406779661,0.74325666560253,0.5290979653441739
138,0.02112211473286152,0.013201320543885231,0.16666666666666666,0.75,0.6856815628772178,0.47263855001742766,0.5484820452443024,0.7246376811594203,0.7932557972468395,0.5748230414832171
139,0.018151815980672836,0.0,0.15789473684210525,0.6129032258064516,0.5680738461398628,0.49050978833349895,0.4975454355546271,0.47619047619047616,0.7246833153358766,0.3450872930170841
140,0.12846533954143524,0.0,0.1111111111111111,0.6101694915254238,0.554203168189932,0.3635176535583346,0.40658750522107523,0.5806451612903226,0.6870670224262049,0.3989421420539254
141,0.008663366548717022,0.0009625962702557445,0.08,0.746268656716418,0.673760227377799,0.4952998379254457,0.5092918825561312,0.647887323943662,0.7295910079991719,0.4726927657459424
142,0.004950494971126318,0.0,0.0,0.6526315789473685,0.49319002560579106,0.43893702099300236,0.4682214866084863,0.6938775510204082,0.7385581119644252,0.5124688940161318
143,0.011001099832355976,0.0,0.0,0.6086956521739131,0.5513978613544053,0.5443919594524704,0.5579710144927537,0.7397260273972602,0.7301045366709078,0.540077328496288
144,0.18839384615421295,0.18839384615421295,0.05555555555555555,0.6857142857142857,0.6483765009787201,0.4014363243155017,0.43392783834329246,0.7079646017699115,0.7897187123211639,0.5590928936787001
145,0.20297029614448547,0.20297029614448547,0.21621621621621623,0.7474747474747475,0.6851814105002756,0.5048020219039595,0.5448106525639815,0.75,0.7722746400906193,0.5792059800679645
146,0.17372770607471466,0.12299199402332306,0.358974358974359,0.6610169491525424,0.5523894330544802,0.40529357209103234,0.472127417519909,0.6666666666666666,0.7896582892603539,0.5264388595069025
147,0.10643564164638519,0.10643564164638519,0.15625,0.7529411764705882,0.7661179697888324,0.5198772587794067,0.5323799644339063,0.7191011235955056,0.7651515643755338,0.5502213496633052
148,0.17426694929599762,0.15583111345767975,0.275,0.7079646017699115,0.6821716386096853,0.4804552890807198,0.552285050348567,0.6782608695652174,0.7985612588456343,0.5416328538257346
149,0.22119487822055817,0.1875254064798355,0.43103448275862066,0.7733333333333333,0.6731893935914606,0.46938158866581614,0.5315808397586992,0.7012987012987013,0.7903348502833619,0.5542608040948253
150,0.2013201266527176,0.2013201266527176,0.09090909090909091,0.676923076923077,0.7907897994063636,0.4303343252231752,0.4303343252231752,0.7297297297297297,0.7738825280765914,0.5647250880558911
151,0.08635862916707993,0.08415841311216354,0.06896551724137931,0.651685393258427,0.5196270378095329,0.4362306403498018,0.45302571538231906,0.6736842105263158,0.7668819780078977,0.51663627992111
152,0.18034927546977997,0.17024202644824982,0.1111111111111111,0.7317073170731707,0.5330145663306508,0.4419843683244955,0.5030819434372734,0.6929133858267716,0.7321642346533018,0.5073263988148863
153,0.10231023281812668,0.07920791953802109,0.13043478260869565,0.5822784810126582,0.708395888629842,0.31141714793425146,0.31462690688203215,0.5714285714285714,0.7468517598916623,0.426772434223807
154,0.12706270813941956,0.12706270813941956,0.058823529411764705,0.7391304347826086,0.5634560087018962,0.4850717824926947,0.539514668598334,0.7010309278350515,0.7656433837990636,0.536739691735426
155,0.24092409014701843,0.10726072639226913,0.17073170731707318,0.7008547008547008,0.5679279508549799,0.49306825556014394,0.572967891235175,0.6666666666666666,0.7969727643347927,0.5313151762231951
156,0.2725909352302551,0.21204248070716858,0.48717948717948717,0.5909090909090909,0.628493567379793,0.4033628397313287,0.44688683214135466,0.5985401459854015,0.7995203276720203,0.4785450136431071
157,0.229451522231102,0.18086571991443634,0.6410256410256411,0.5909090909090909,0.7892281967442917,0.36839099605006426,0.38441174973272924,0.6086956521739131,0.811608871966019,0.4940227916314899
158,0.2165723741054535,0.1852363795042038,0.3541666666666667,0.6530612244897959,0.4616909955268929,0.35348082937565156,0.43193862459945775,0.632258064516129,0.7438038879731236,0.47027600658945873
159,0.2266501933336258,0.21633665263652802,0.14285714285714285,0.6363636363636364,0.45303076453772423,0.3736979924352633,0.427967985771454,0.6260869565217392,0.7251980147501921,0.45403701793055506
160,0.29307764768600464,0.19195184111595154,0.7368421052631579,0.7307692307692307,0.714981524965151,0.46450939457202506,0.4732604071710726,0.6785714285714286,0.79725630341143,0.5409953487434703
161,0.17409241199493408,0.10396039485931396,0.3125,0.5714285714285714,0.6360870127982621,0.3814717565474988,0.39893617021276595,0.6666666666666666,0.7304948095361382,0.4869965396907588
162,0.21287128329277039,0.07425742596387863,0.2,0.6666666666666666,0.6743103861513883,0.41843684125182423,0.41937618147448014,0.64,0.6849941115576204,0.43839623139687706
163,0.056105609983205795,0.056105609983205795,0.058823529411764705,0.8095238095238095,0.7127573230493058,0.5300866593433419,0.5598813974474668,0.6363636363636364,0.7705526869512265,0.4903517098780532
164,0.0,0.0,0.0625,0.6808510638297872,0.6885897551409979,0.4201214681806179,0.42271987750023926,0.6153846153846154,0.7363305398560147,0.45312648606523986
165,0.4009900987148285,0.4009900987148285,0.14285714285714285,0.4666666666666667,0.5692320736957907,0.3919562243502052,0.3927805575411008,0.6666666666666666,0.7760624276843466,0.5173749517895644
166,0.20297029614448547,0.15346534550189972,0.047619047619047616,0.7924528301886793,0.7371408994892017,0.5574131104267488,0.5833412660637791,0.7586206896551724,0.7654527867962616,0.5806883210178536
167,0.06435643881559372,0.06435643881559372,0.13333333333333333,0.7317073170731707,0.6808585348426082,0.4609194339099066,0.4609194339099066,0.782608695652174,0.7086108194773435,0.5545649891561819
168,0.34529703855514526,0.34529703855514526,0.16666666666666666,0.8,0.7324035030220237,0.41632983023443815,0.41632983023443815,0.8,0.6887026695220838,0.550962135617667
169,0.09405940771102905,0.049504950642585754,0.09090909090909091,0.7857142857142857,0.6939890710081538,0.485949856974592,0.5050634066234833,0.7666666666666667,0.7463816100314818,0.5722259010241362
170,0.20297029614448547,0.0,0.0,0.6341463414634146,0.5430425378253765,0.39231840334184265,0.39231840334184265,0.6666666666666666,0.6809989076629415,0.4539992717752943
171,0.2524752616882324,0.16237623989582062,0.17647058823529413,0.7083333333333334,0.7007808605498603,0.5053123671908202,0.5294749769726742,0.7692307692307693,0.7735313202073146,0.5950240924671651
172,0.13861386477947235,0.13861386477947235,0.125,0.64,0.6594462233631829,0.49067599067599066,0.5045271629778671,0.7142857142857143,0.7732988946118999,0.5523563532942143
173,0.1683168262243271,0.1683168262243271,0.07692307692307693,0.7027027027027027,0.7021413828236492,0.4649581589958159,0.5174792470478194,0.65,0.7760231126198528,0.5044150232029043
174,0.20297029614448547,0.20297029614448547,0.18181818181818182,0.55,0.6639494173243481,0.3821214246746162,0.39981297288106776,0.6046511627906976,0.7324401737757439,0.4428708027481242
175,0.12871287763118744,0.0,0.07142857142857142,0.7,0.606667451960969,0.44194248507867606,0.5054862306368331,0.5365853658536586,0.7820607792653027,0.41964236936186977
176,0.3333333432674408,0.21397137641906738,0.3,0.8333333333333334,0.8233950773392924,0.6147735479211802,0.6451212633953751,0.7692307692307693,0.7799564091479922,0.5999664685753787
177,0.09405940771102905,0.09405940771102905,0.22727272727272727,0.6376811594202898,0.5087785145123325,0.3083846518237802,0.3129202905047969,0.3380281690140845,0.7328879544842267,0.24773677334678085
178,0.0,0.0,0.0,0.5454545454545454,0.5556270095569731,0.32721075553872375,0.36494175020319697,0.4117647058823529,0.6501892943684783,0.26772500356349105
179,0.0,0.0,0.0,0.8461538461538461,0.6485403049543755,0.5449780182617517,0.560530679933665,0.6666666666666666,0.7213489442414013,0.4808992961609342
180,0.0,0.0,0.0,0.4444444444444444,0.46503010631540986,0.28784403669724773,0.2765957446808511,0.2222222222222222,0.5028730603453305,0.111749568965629
181,0.0,0.0,0.0,0.8,0.8064405617441543,0.5285091873460883,0.5507364975450082,0.7142857142857143,0.7807889195907051,0.5577063711362179
182,0.15181517601013184,0.15181517601013184,0.4,0.6666666666666666,0.5757703670005191,0.35417919422730004,0.40142729705619984,0.5,0.7651069926876872,0.3825534963438436
183,0.0,0.0,0.0,0.8888888888888888,0.6334550138214612,0.462015503875969,0.462015503875969,0.4444444444444444,0.8211623035163448,0.3649610237850421
184,0.2524752616882324,0.2524752616882324,0.05,0.7843137254901961,0.6017737244407104,0.3266727217680896,0.3842564720048164,0.5555555555555556,0.6834458971952656,0.3796921651084809
185,0.1336633712053299,0.10148515552282333,0.3333333333333333,0.6382978723404256,0.6662663005605468,0.3974022566255576,0.4420511171837325,0.5490196078431373,0.744370239352848,0.40867385689960284
186,0.5,0.5,0.15384615384615385,0.7428571428571429,0.6209213051552556,0.3942256754370475,0.43681697612732096,0.5128205128205128,0.7759072375547817,0.3979011474639906
187,0.0,0.0,0.0,0.75,0.6583037904747335,0.5319012504007695,0.5319012504007695,0.7058823529411765,0.7483289565770895,0.5282322046426514
188,0.09282178431749344,0.004950494971126318,0.6363636363636364,0.6875,0.6411028362159558,0.4082346609257266,0.3681702668360864,0.5,0.6504383718720368,0.3252191859360184
189,0.10231023281812668,0.0,0.1875,0.7441860465116279,0.5908970626759131,0.43838432700447455,0.48440687846109004,0.4888888888888889,0.7110799377822292,0.3476390806935343
190,0.0,0.0,0.0,0.8,0.5404599658133603,0.25218774860779636,0.3665315576143602,0.5714285714285714,0.5211511284413886,0.2978006448236506
191,0.009900989942252636,0.009900989942252636,0.015151515151515152,0.7252747252747253,0.4427171022576219,0.4385280287213908,0.503925439603324,0.5792349726775956,0.7498210860689711,0.43432259630224557
192,0.0,0.0,0.0,0.5811965811965812,0.4014650620700963,0.307976274420341,0.3453894452804733,0.4745762711864407,0.7054475071379147,0.3347886474552816
193,0.002475247485563159,0.0,0.029411764705882353,0.6355140186915887,0.46576560554272295,0.4100250909193426,0.44961827036988283,0.6140350877192983,0.7385353605841357,0.45348662492008335
194,0.0,0.0,0.0,0.5,0.42669345774568856,0.4346894098330749,0.4888035482475119,0.6774193548387096,0.7247644497706742,0.4909694659736825
195,0.1221122071146965,0.07920791953802109,0.23076923076923078,0.6190476190476191,0.5248199031507141,0.35999103105497215,0.41537367180900725,0.6136363636363636,0.713062924087143,0.43756133978074685
196,0.0,0.0,0.0,0.6851851851851852,0.4100473200161697,0.4015863416449572,0.43635803161080594,0.5765765765765766,0.7064920515829318,0.407346768480249
197,0.3366336524486542,0.0891089141368866,0.7142857142857143,0.7368421052631579,0.6192592590757751,0.41798418972332013,0.49411071849234395,0.42105263157894735,0.7103858184049994,0.2991098182757892
198,0.3108910620212555,0.19273926317691803,0.4666666666666667,0.6382978723404256,0.669998551305954,0.3764917233414603,0.422289613343442,0.7037037037037037,0.7981917170680801,0.5616904675664267
199,0.1683168262243271,0.1683168262243271,0.0,0.6213592233009708,0.44527932563698497,0.41082218610659665,0.4465952380952381,0.5142857142857142,0.720866294338619,0.3707312370884326
200,0.0891089141368866,0.024752475321292877,0.07142857142857142,0.6363636363636364,0.341199948729541,0.34628368010802185,0.3702207473669023,0.4782608695652174,0.7153247208209516,0.34211182300132464
201,0.009900989942252636,0.009900989942252636,0.03125,0.6597938144329897,0.4177642809615482,0.3566570154878441,0.40139076685339,0.56,0.7238751283220084,0.40537007186032475
202,0.0,0.0,0.0,0.5740740740740741,0.3695872634068082,0.3383248900890446,0.39856719509739047,0.5045045045045045,0.7077976295460285,0.35708709238358194
203,0.049504950642585754,0.049504950642585754,0.1,0.4444444444444444,0.4004135435444057,0.39143611301202463,0.4292463194902219,0.625,0.7474379335423562,0.4671487084639726
204,0.029702970758080482,0.029702970758080482,0.047619047619047616,0.65625,0.702587045287756,0.4510460251046025,0.49518269405562626,0.5373134328358209,0.7485825910161918,0.40222348174004335
205,0.0066006602719426155,0.0,0.0,0.6466165413533834,0.48613917517573324,0.40008435513511886,0.4461465514097093,0.5693430656934306,0.7166530158316564,0.4080214250720379
206,0.3762376308441162,0.12871287763118744,0.2857142857142857,0.7777777777777778,0.5703312529320294,0.33223108344680025,0.3903520208604954,0.6190476190476191,0.64859884889058,0.40151357312274
207,0.0,0.0,0.2222222222222222,0.5454545454545454,0.556036636090255,0.32493107522646714,0.3100267777447188,0.12121212121212122,0.6407890441890991,0.07767139929564838
208,0.3316831588745117,0.3316831588745117,0.13333333333333333,0.6521739130434783,0.6352958667383812,0.4093884229903866,0.4105205479452055,0.4782608695652174,0.7541164241940199,0.3606643767884443
209,0.5,0.40594059228897095,0.2857142857142857,0.75,0.6922803272446175,0.46769973837794326,0.5041967135595224,0.7301587301587301,0.7670516138849361,0.5600694323604295
210,0.49405938386917114,0.4297029972076416,0.34782608695652173,0.6301369863013698,0.5877109200657549,0.3672291296625222,0.39540595203698353,0.6233766233766234,0.7815873730816738,0.487223297505459
211,0.5,0.20297029614448547,0.23529411764705882,0.7727272727272727,0.6938578496021565,0.5999216300940439,0.5999216300940439,0.6956521739130435,0.7653769728143635,0.5324361550012963
212,0.26815178990364075,0.26815178990364075,0.19047619047619047,0.6,0.6125142577307712,0.32477310231023104,0.34236311239193085,0.5866666666666667,0.7421634136059723,0.4354025359821704
213,0.5,0.5,0.11764705882352941,0.6296296296296297,0.6345604157094361,0.38736631016042783,0.4174609226077011,0.5818181818181818,0.6791300252305783,0.395130196497791
214,0.2871287167072296,0.1596534699201584,0.2857142857142857,0.6666666666666666,0.615983026819662,0.4298485224733052,0.45777337671523555,0.6046511627906976,0.7646052973494458,0.46231948211826956
215,0.5,0.5,0.21052631578947367,0.7169811320754716,0.6661806694206803,0.43655524803065787,0.4585922494633375,0.6551724137931034,0.7630566323291972,0.49993365566395676
216,0.5,0.5,0.1111111111111111,0.75,0.574539233177188,0.4577605765381022,0.47075542258788333,0.5416666666666666,0.6959693234487181,0.37698338353472227
217,0.36822745203971863,0.29469457268714905,0.46875,0.7191011235955056,0.6223384986668409,0.4715837164368046,0.5389769570191207,0.6881720430107527,0.783558887866736,0.539223320682485
218,0.3670438528060913,0.3670438528060913,0.2608695652173913,0.71875,0.7218378294051995,0.45855758880516684,0.5205652815861632,0.696969696969697,0.7565622991412684,0.5273009963711871
219,0.4801980257034302,0.34927991032600403,0.5681818181818182,0.8301886792452831,0.662544848774265,0.4779895675912836,0.5369730476848652,0.7636363636363637,0.7791176909533389,0.594962600364368
220,0.33366334438323975,0.22501473128795624,0.6666666666666666,0.7647058823529411,0.6086627576883973,0.4432000803535556,0.5056502710823698,0.6792452830188679,0.7961939713966069,0.5408109994392046
221,0.3841898739337921,0.2951050400733948,0.6666666666666666,0.8421052631578947,0.749402340278094,0.6045347256991631,0.6281902102241874,0.7931034482758621,0.8047333452698296,0.6382367910760718
